[
    {
        "id": 1,
        "priority": 1,
        "action": {
            "type": "redirect",
            "redirect": {
                "url": "https://raw.githubusercontent.com/texnikru/blank-mp3s/master/point1sec.mp3"
            }
        },
        "condition": {
            "urlFilter": "||audio-ak-spotify-com.akamaized.net",
            "resourceTypes": [
                "media"
            ]
        }
    },
    {
        "id": 2,
        "priority": 1,
        "action": {
            "type": "redirect",
            "redirect": {
                "url": "https://raw.githubusercontent.com/texnikru/blank-mp3s/master/point1sec.mp3"
            }
        },
        "condition": {
            "urlFilter": "||audio-akp-quic-spotify-com.akamaized.net",
            "resourceTypes": [
                "media"
            ]
        }
    },
    {
        "id": 3,
        "priority": 1,
        "action": {
            "type": "redirect",
            "redirect": {
                "url": "https://raw.githubusercontent.com/texnikru/blank-mp3s/master/point1sec.mp3"
            }
        },
        "condition": {
            "urlFilter": "||audio-fa.scdn.co",
            "resourceTypes": [
                "media"
            ]
        }
    },
    {
        "id": 4,
        "priority": 1,
        "action": {
            "type": "redirect",
            "redirect": {
                "url": "https://raw.githubusercontent.com/texnikru/blank-mp3s/master/point1sec.mp3"
            }
        },
        "condition": {
            "urlFilter": "||creativeservice-production.scdn.co",
            "resourceTypes": [
                "media"
            ]
        }
    }
]