{"assets/data/flix_privacy.md":["assets/data/flix_privacy.md"],"assets/fonts/NotoSansSC-Regular.ttf":["assets/fonts/NotoSansSC-Regular.ttf"],"assets/images/NOTICES.txt":["assets/images/NOTICES.txt"],"assets/images/about_us.svg":["assets/images/about_us.svg"],"assets/images/add_devices.svg":["assets/images/add_devices.svg"],"assets/images/apk_ic.svg":["assets/images/apk_ic.svg"],"assets/images/arrow_right.svg":["assets/images/arrow_right.svg"],"assets/images/automaticreceive.svg":["assets/images/automaticreceive.svg"],"assets/images/check_update.svg":["assets/images/check_update.svg"],"assets/images/checked.svg":["assets/images/checked.svg"],"assets/images/choose.svg":["assets/images/choose.svg"],"assets/images/cloud.svg":["assets/images/cloud.svg"],"assets/images/dark/ic_open_menu.svg":["assets/images/dark/ic_open_menu.svg"],"assets/images/dark/ic_refresh_menu.svg":["assets/images/dark/ic_refresh_menu.svg"],"assets/images/dark/noconnect_pad.svg":["assets/images/dark/noconnect_pad.svg"],"assets/images/dark/noconnect_pc.svg":["assets/images/dark/noconnect_pc.svg"],"assets/images/dark/noconnect_phone.svg":["assets/images/dark/noconnect_phone.svg"],"assets/images/dark/slogan.svg":["assets/images/dark/slogan.svg"],"assets/images/del_device.svg":["assets/images/del_device.svg"],"assets/images/device_name.svg":["assets/images/device_name.svg"],"assets/images/doc_ic.svg":["assets/images/doc_ic.svg"],"assets/images/donate.svg":["assets/images/donate.svg"],"assets/images/donate_alipay.png":["assets/images/donate_alipay.png"],"assets/images/donate_wechat.png":["assets/images/donate_wechat.png"],"assets/images/elite.svg":["assets/images/elite.svg"],"assets/images/ethernet.svg":["assets/images/ethernet.svg"],"assets/images/file_save_as.svg":["assets/images/file_save_as.svg"],"assets/images/flix_logo.webp":["assets/images/flix_logo.webp"],"assets/images/folder_ic.svg":["assets/images/folder_ic.svg"],"assets/images/forward.svg":["assets/images/forward.svg"],"assets/images/function.svg":["assets/images/function.svg"],"assets/images/general.svg":["assets/images/general.svg"],"assets/images/history.svg":["assets/images/history.svg"],"assets/images/hotkey.svg":["assets/images/hotkey.svg"],"assets/images/ic_add_device.svg":["assets/images/ic_add_device.svg"],"assets/images/ic_alert.svg":["assets/images/ic_alert.svg"],"assets/images/ic_alipay.svg":["assets/images/ic_alipay.svg"],"assets/images/ic_ap.svg":["assets/images/ic_ap.svg"],"assets/images/ic_apk.svg":["assets/images/ic_apk.svg"],"assets/images/ic_app.svg":["assets/images/ic_app.svg"],"assets/images/ic_audio.svg":["assets/images/ic_audio.svg"],"assets/images/ic_back.svg":["assets/images/ic_back.svg"],"assets/images/ic_big_delete.svg":["assets/images/ic_big_delete.svg"],"assets/images/ic_big_exit.svg":["assets/images/ic_big_exit.svg"],"assets/images/ic_big_upgrade.svg":["assets/images/ic_big_upgrade.svg"],"assets/images/ic_cancel.svg":["assets/images/ic_cancel.svg"],"assets/images/ic_checkbox_content.svg":["assets/images/ic_checkbox_content.svg"],"assets/images/ic_config.svg":["assets/images/ic_config.svg"],"assets/images/ic_copy.svg":["assets/images/ic_copy.svg"],"assets/images/ic_copy_passwd.svg":["assets/images/ic_copy_passwd.svg"],"assets/images/ic_cross_device.svg":["assets/images/ic_cross_device.svg"],"assets/images/ic_cross_device_add.svg":["assets/images/ic_cross_device_add.svg"],"assets/images/ic_cross_device_delete.svg":["assets/images/ic_cross_device_delete.svg"],"assets/images/ic_cross_device_share.svg":["assets/images/ic_cross_device_share.svg"],"assets/images/ic_delete.svg":["assets/images/ic_delete.svg"],"assets/images/ic_device.svg":["assets/images/ic_device.svg"],"assets/images/ic_dir.svg":["assets/images/ic_dir.svg"],"assets/images/ic_dir_pick.svg":["assets/images/ic_dir_pick.svg"],"assets/images/ic_done.svg":["assets/images/ic_done.svg"],"assets/images/ic_excel.svg":["assets/images/ic_excel.svg"],"assets/images/ic_exit.svg":["assets/images/ic_exit.svg"],"assets/images/ic_file.svg":["assets/images/ic_file.svg"],"assets/images/ic_file1.svg":["assets/images/ic_file1.svg"],"assets/images/ic_free_copy.svg":["assets/images/ic_free_copy.svg"],"assets/images/ic_handler.svg":["assets/images/ic_handler.svg"],"assets/images/ic_help.svg":["assets/images/ic_help.svg"],"assets/images/ic_image.svg":["assets/images/ic_image.svg"],"assets/images/ic_info.svg":["assets/images/ic_info.svg"],"assets/images/ic_loading.svg":["assets/images/ic_loading.svg"],"assets/images/ic_location.svg":["assets/images/ic_location.svg"],"assets/images/ic_manul_add.svg":["assets/images/ic_manul_add.svg"],"assets/images/ic_mime_image.svg":["assets/images/ic_mime_image.svg"],"assets/images/ic_mime_video.svg":["assets/images/ic_mime_video.svg"],"assets/images/ic_multi_select.svg":["assets/images/ic_multi_select.svg"],"assets/images/ic_no_wifi.svg":["assets/images/ic_no_wifi.svg"],"assets/images/ic_permissions.svg":["assets/images/ic_permissions.svg"],"assets/images/ic_play.svg":["assets/images/ic_play.svg"],"assets/images/ic_ppt.svg":["assets/images/ic_ppt.svg"],"assets/images/ic_preview_file_failed.svg":["assets/images/ic_preview_file_failed.svg"],"assets/images/ic_qr_code.svg":["assets/images/ic_qr_code.svg"],"assets/images/ic_qrcode.svg":["assets/images/ic_qrcode.svg"],"assets/images/ic_receive.svg":["assets/images/ic_receive.svg"],"assets/images/ic_scan.svg":["assets/images/ic_scan.svg"],"assets/images/ic_search.svg":["assets/images/ic_search.svg"],"assets/images/ic_send_fail.svg":["assets/images/ic_send_fail.svg"],"assets/images/ic_share.svg":["assets/images/ic_share.svg"],"assets/images/ic_sort.svg":["assets/images/ic_sort.svg"],"assets/images/ic_trans_fail.svg":["assets/images/ic_trans_fail.svg"],"assets/images/ic_txt.svg":["assets/images/ic_txt.svg"],"assets/images/ic_unknown_type.svg":["assets/images/ic_unknown_type.svg"],"assets/images/ic_video.svg":["assets/images/ic_video.svg"],"assets/images/ic_wechat_pay.svg":["assets/images/ic_wechat_pay.svg"],"assets/images/ic_wifi.svg":["assets/images/ic_wifi.svg"],"assets/images/ic_zip.svg":["assets/images/ic_zip.svg"],"assets/images/iconforeground.webp":["assets/images/iconforeground.webp"],"assets/images/image_placeholder_dark.png":["assets/images/image_placeholder_dark.png"],"assets/images/image_placeholder_light.png":["assets/images/image_placeholder_light.png"],"assets/images/img_placeholder.svg":["assets/images/img_placeholder.svg"],"assets/images/intro.svg":["assets/images/intro.svg"],"assets/images/light/ic_open_menu.svg":["assets/images/light/ic_open_menu.svg"],"assets/images/light/ic_refresh_menu.svg":["assets/images/light/ic_refresh_menu.svg"],"assets/images/light/noconnect_pad.svg":["assets/images/light/noconnect_pad.svg"],"assets/images/light/noconnect_pc.svg":["assets/images/light/noconnect_pc.svg"],"assets/images/light/noconnect_phone.svg":["assets/images/light/noconnect_phone.svg"],"assets/images/light/slogan.svg":["assets/images/light/slogan.svg"],"assets/images/logo.svg":["assets/images/logo.svg"],"assets/images/logo.webp":["assets/images/logo.webp"],"assets/images/monochrome.webp":["assets/images/monochrome.webp"],"assets/images/music_ic.svg":["assets/images/music_ic.svg"],"assets/images/navitem1.svg":["assets/images/navitem1.svg"],"assets/images/navitem2.svg":["assets/images/navitem2.svg"],"assets/images/navitem3.svg":["assets/images/navitem3.svg"],"assets/images/pad.webp":["assets/images/pad.webp"],"assets/images/pc.webp":["assets/images/pc.webp"],"assets/images/permission.svg":["assets/images/permission.svg"],"assets/images/permission_clipboard.svg":["assets/images/permission_clipboard.svg"],"assets/images/permission_firewall.svg":["assets/images/permission_firewall.svg"],"assets/images/permission_item1.svg":["assets/images/permission_item1.svg"],"assets/images/permission_item2.svg":["assets/images/permission_item2.svg"],"assets/images/permission_item3.svg":["assets/images/permission_item3.svg"],"assets/images/permission_item4.svg":["assets/images/permission_item4.svg"],"assets/images/permission_item5.svg":["assets/images/permission_item5.svg"],"assets/images/phone.webp":["assets/images/phone.webp"],"assets/images/picture_ic.svg":["assets/images/picture_ic.svg"],"assets/images/privacy.svg":["assets/images/privacy.svg"],"assets/images/qa.svg":["assets/images/qa.svg"],"assets/images/screenshot.svg":["assets/images/screenshot.svg"],"assets/images/search.svg":["assets/images/search.svg"],"assets/images/send.svg":["assets/images/send.svg"],"assets/images/setting.svg":["assets/images/setting.svg"],"assets/images/slogan.svg":["assets/images/slogan.svg"],"assets/images/suggest.svg":["assets/images/suggest.svg"],"assets/images/tray_logo.ico":["assets/images/tray_logo.ico"],"assets/images/tray_logo_no_color.png":["assets/images/tray_logo_no_color.png"],"assets/images/unknow.svg":["assets/images/unknow.svg"],"assets/images/video_ic.svg":["assets/images/video_ic.svg"],"assets/images/watch.webp":["assets/images/watch.webp"],"assets/images/web.svg":["assets/images/web.svg"],"assets/images/webversion.webp":["assets/images/webversion.webp"],"assets/images/where_save.svg":["assets/images/where_save.svg"],"assets/images/zip_ic.svg":["assets/images/zip_ic.svg"],"packages/cupertino_icons/assets/CupertinoIcons.ttf":["packages/cupertino_icons/assets/CupertinoIcons.ttf"],"packages/flutter95/icons/checkmark.png":["packages/flutter95/icons/checkmark.png"],"packages/flutter95/icons/checkmark_disabled.png":["packages/flutter95/icons/checkmark_disabled.png"],"packages/flutter95/icons/icon_error.png":["packages/flutter95/icons/icon_error.png"],"packages/flutter_image_compress_web/assets/pica.min.js":["packages/flutter_image_compress_web/assets/pica.min.js"],"packages/flutter_inappwebview/assets/t_rex_runner/t-rex.css":["packages/flutter_inappwebview/assets/t_rex_runner/t-rex.css"],"packages/flutter_inappwebview/assets/t_rex_runner/t-rex.html":["packages/flutter_inappwebview/assets/t_rex_runner/t-rex.html"],"packages/flutter_inappwebview_web/assets/web/web_support.js":["packages/flutter_inappwebview_web/assets/web/web_support.js"],"packages/fluttertoast/assets/toastify.css":["packages/fluttertoast/assets/toastify.css"],"packages/fluttertoast/assets/toastify.js":["packages/fluttertoast/assets/toastify.js"],"packages/wakelock_plus/assets/no_sleep.js":["packages/wakelock_plus/assets/no_sleep.js"],"packages/wechat_assets_picker/assets/icon/indicator-live-photos.png":["packages/wechat_assets_picker/assets/icon/indicator-live-photos.png"],"packages/window_manager/images/ic_chrome_close.png":["packages/window_manager/images/ic_chrome_close.png"],"packages/window_manager/images/ic_chrome_maximize.png":["packages/window_manager/images/ic_chrome_maximize.png"],"packages/window_manager/images/ic_chrome_minimize.png":["packages/window_manager/images/ic_chrome_minimize.png"],"packages/window_manager/images/ic_chrome_unmaximize.png":["packages/window_manager/images/ic_chrome_unmaximize.png"]}